query;response (RLHF);scores (RLHF)
I found Horrorvision almost unw;ieldy. A cursory look around featured a sturdy table. No padding was necessary, but left;[tensor(0.9488)]
I want to state first;, eventually that I'm very confident when I talk to 100 men and women who work as a remote;[tensor(0.9534)]
I have; learned something very important, from my experience with healthcare and transit systems. I see a transformation happening at;[tensor(0.9835)]
Intelligent, wry; aura mage, like Icecrown. ] --- magma blue mystic Cannon : > Toughness None;[tensor(0.8610)]
I saw the German version of the; playoff game here. So it was only natural, that I devoted so much time and effort to this;[tensor(0.8664)]
Great actors, an o;mbre nurse and upstanding police officers and police experts helping us get to where we want to be;[tensor(0.9501)]
A terrible storyline;" to the failures of the neoconservative Destruction of Iraq campaign!

CONCLUSION

Khales";[tensor(0.9951)]
...that Jamie Foxx would; be tweeting six hours before then when at 2pm they left to the lobby where we were watching that;[tensor(0.5658)]
'Inter;"sectionalistical Analysis,"" IL-11-ClinicalTrials.gov Identify Data Subtype,";[tensor(0.7776)]
I just don't see;" why there should be cat-dust.""

Kaley, 57, said that at the rink";[tensor(0.9519)]
I have to totally disagree; there is a burning question — the testimony preceding and after the trial … My own recollection is that I;[tensor(0.8623)]
The Thief; ring) is about 3 weeks old and you trade it at Silverstar for the ring here in United;[tensor(0.8776)]
A somewhat awkward spy mystery; is that nothing truly happens May 17, 2014 at 5:03 PM UNAMERICAN ASSIM;[tensor(0.7336)]
I first saw this mini-series; myself when I watched over a couple months ago. I think I'll definitely get a full run with;[tensor(0.9813)]
This is; because Jazz Beathart entered 16th on an NBA apples price map, paying $7.16;[tensor(0.5688)]
I saw this film at;" the cinema,"" 14-year-old Dominic told BuzzFeed News after learning of the film. ""It";[tensor(0.8980)]
